{"acc": 0.8485175599703689, "loss": 0.14785917797380438, "_timestamp": 1682131101.62239, "_runtime": 0.658750057220459, "_step": 7, "_wandb": {"runtime": 0}}