{"average replay loss": "None.ndarray.item", "_timestamp": 1682135748.294239, "_runtime": 4.016818046569824, "_step": 28}